net,length_um
_321_,295.94
_343_,282.13
_345_,257.045
_320_,242.61
_342_,241.04
_220_,236.41
_124_,235.1
_300_,217.6
_346_,209.21
_227_,209.055
_344_,207.415
_239_,198.72
_264_,171.23
_134_,170.81
clknet_2_2__leaf_clk,169.52
_110_,165.07
_224_,164.37
clknet_2_0__leaf_clk,156.72
_114_,156.28
clknet_2_3__leaf_clk,150.62
clknet_2_1__leaf_clk,143.5
_275_,142.99
net25,140.52
_215_,132.93
_122_,131.46
_123_,129.32
net13,128.2
_216_,122.2
_341_,116.44
u_core.Q\[7\],114.92
u_core.Q\[2\],111.94
_111_,111.1
clk,107.48
net31,98.02
_322_,95.02
u_core.Q\[5\],92.96
u_core.M\[7\],91.08
clknet_0_clk,91.05
u_core.M\[4\],90.58
u_core.M\[6\],90.4
u_core.Q_1,90.19
u_core.M\[5\],86.46
u_core.A\[3\],85.335
_133_,84.02
_217_,82.72
u_core.M\[3\],81.88
_109_,81.76
u_core.Q\[3\],80.48
net18,78.48
_310_,71.76
_161_,67.39
net1,67.36
_189_,66.86
u_core.Q\[6\],63.96
_112_,60.88
u_core.A\[7\],60.28
_282_,59.12
_299_,56.76
net26,55.36
net10,55.02
u_core.A\[8\],54.38
u_core.M\[2\],54.22
net15,53.82
_120_,52.54
_154_,52.32
_190_,51.19
net11,50.26
_121_,50.25
u_core.A\[4\],50
_240_,49.395
_127_,49.34
_131_,49.33
_199_,49.12
net9,47.96
net21,46.9
u_core.A\[6\],45.925
net16,45.16
u_core.Q\[1\],45.12
u_core.M\[0\],42.86
_292_,42.3
_278_,40.52
_135_,40.03
_200_,39.4
u_core.A\[9\],38.52
u_core.count\[2\],37.78
u_core.A\[5\],37.32
u_core.A\[11\],36.3
net36,36.29
u_core.M\[1\],36.05
_295_,35.56
_116_,35.31
_202_,35.26
_311_,34.58
_286_,33.82
net12,32.48
_118_,32
_219_,31.92
u_core.A\[2\],31.34
_207_,31.07
_166_,29.76
_113_,29.46
_142_,29.14
rst,28.01
u_core.A\[14\],27.96
_191_,27.94
u_core.A\[10\],27.62
u_core.count\[1\],27.6
u_core.Q\[0\],27.02
_139_,26.8
_162_,26.7
net24,26.26
_211_,26.02
_140_,25.94
net14,25.12
_338_,24.88
_168_,24.4
_126_,23.92
u_core.A\[0\],23.9
multiplier[2],23.77
u_core.Q\[4\],23.76
_192_,23.44
u_core.count\[0\],23.44
_317_,23.34
net4,23.24
_178_,23.16
_212_,23.06
_249_,23.04
_158_,21.375
_206_,21.08
net8,21.08
_146_,21
_241_,20.78
net30,20.58
u_core.A\[12\],20.56
net70,20.32
_164_,20.22
net3,19.9
_195_,19.46
multiplicand[7],19.38
_186_,19.33
_230_,19.22
_209_,18.99
_182_,18.855
u_core.A\[13\],18.76
net2,18.44
_201_,18.25
_115_,18.24
_267_,18.02
_094_,17.9
_269_,17.83
_184_,17.45
net27,17.44
_169_,17.42
_152_,17.34
_119_,17.205
_196_,17.18
_128_,17.06
u_core.count\[3\],17.05
net35,16.94
_137_,16.93
net28,16.86
_319_,16.26
_174_,16.13
multiplier[5],16.08
net43,15.74
_141_,15.7
_198_,15.7
_203_,15.44
_213_,15.18
_238_,14.82
net6,14.8
net38,14.56
_156_,14.54
_103_,14.48
_183_,14.46
_117_,14.38
_102_,14.14
net34,14.14
net65,14.08
_273_,13.92
_170_,13.68
_248_,13.46
_279_,13.38
net23,13.34
_177_,13.32
_179_,13.18
net40,13.08
u_core.A\[1\],13.06
_218_,13.04
u_core.busy,12.92
_181_,12.73
_208_,12.68
_280_,12.64
_093_,12.62
product[10],12.6
product[12],12.6
product[6],12.6
product[7],12.6
_180_,12.34
_165_,12.32
net29,12.3
_129_,12.24
_268_,12.22
_226_,12.04
multiplicand[3],12.02
multiplier[0],12.02
multiplier[7],12.02
_313_,11.66
_096_,11.58
_205_,11.26
_307_,11.2
_187_,11.18
_185_,11.12
multiplicand[0],11.1
net7,11.02
net48,11.02
net63,11.02
_204_,11
_336_,10.96
_270_,10.9
net62,10.9
_296_,10.88
_171_,10.72
_175_,10.72
net19,10.5
_194_,10.46
net20,10.44
_274_,10.4
net68,10.4
_261_,10.38
_283_,10.36
net37,10.32
_155_,10.16
_288_,10.16
_232_,10.1
_197_,9.98
_147_,9.78
_143_,9.735
_246_,9.7
multiplicand[1],9.64
multiplicand[2],9.64
net64,9.64
net58,9.4
_339_,9.36
_235_,9.02
product[8],8.96
net53,8.7
_077_,8.64
_312_,8.56
_167_,8.52
_163_,8.5
_071_,8.46
_222_,8.46
_236_,8.4
_172_,8.36
net66,8.28
_284_,8.16
_318_,8.14
_266_,8.12
_104_,8.1
product[11],8.04
product[15],8.04
product[3],8.04
_287_,8.02
_144_,8
_193_,7.98
net22,7.98
start,7.95
_078_,7.82
net39,7.7
_315_,7.64
product[14],7.58
_335_,7.56
net32,7.52
_244_,7.48
_260_,7.44
_015_,7.39
_247_,7.34
net59,7.34
_259_,7.32
_250_,7.31
_153_,7.3
_095_,7.22
_327_,7.22
net49,7.22
_316_,7.18
_176_,7.1
_105_,6.96
net54,6.9
net57,6.9
_101_,6.88
_087_,6.86
_229_,6.78
_281_,6.76
_289_,6.74
_053_,6.71
_257_,6.66
_042_,6.57
product[9],6.57
multiplicand[5],6.55
_221_,6.52
_132_,6.46
net67,6.44
_055_,6.42
_251_,6.32
_079_,6.3
_108_,6.3
_253_,6.26
_159_,6.18
net56,6.18
_145_,6.16
_098_,6.02
_157_,6.02
net69,5.98
_004_,5.91
_009_,5.91
multiplicand[4],5.87
multiplier[3],5.87
_340_,5.86
net60,5.84
_306_,5.82
_333_,5.74
_225_,5.72
_314_,5.68
_330_,5.68
_045_,5.61
multiplier[4],5.53
multiplier[6],5.53
_076_,5.46
_086_,5.46
net45,5.4
_242_,5.38
_243_,5.38
_041_,5.36
_210_,5.28
_324_,5.28
_256_,5.22
_265_,5.22
_148_,5.14
_002_,5.1
net44,5.06
_072_,5.04
_107_,5
_001_,4.97
_263_,4.95
multiplicand[6],4.95
net41,4.92
net55,4.92
_106_,4.88
_285_,4.88
_303_,4.88
product[0],4.85
product[1],4.85
product[4],4.85
_091_,4.8
_092_,4.8
_258_,4.8
net33,4.8
_214_,4.78
product[2],4.73
_047_,4.66
multiplier[1],4.61
_074_,4.605
_060_,4.6
net5,4.6
_033_,4.54
_051_,4.53
_298_,4.48
_231_,4.43
done,4.39
product[13],4.39
product[5],4.39
_237_,4.34
_160_,4.21
_252_,4.2
_150_,4.15
net42,4.14
_075_,4.12
_063_,4.02
_056_,4
_058_,4
_082_,4
_271_,4
_125_,3.9
_065_,3.76
_010_,3.66
_057_,3.66
_000_,3.56
_173_,3.56
_291_,3.56
_067_,3.54
_262_,3.54
_329_,3.44
_188_,3.42
_228_,3.42
_254_,3.42
_328_,3.42
_018_,3.3
_089_,3.3
_030_,3.23
_054_,3.23
_007_,3.2
_064_,3.2
_070_,3.2
net51,3.2
_068_,3.1
_069_,3.1
_088_,3.1
_277_,3.1
_061_,3.08
_062_,3.08
_084_,3.08
_294_,3.08
_029_,3.03
_234_,2.98
_334_,2.98
_290_,2.96
net47,2.96
_027_,2.89
_046_,2.89
_005_,2.84
_006_,2.84
_016_,2.84
_028_,2.84
_031_,2.84
_038_,2.84
_039_,2.84
_044_,2.84
_085_,2.74
_100_,2.74
_130_,2.65
_337_,2.64
_073_,2.62
_080_,2.62
_245_,2.62
_276_,2.62
_305_,2.62
net17,2.62
_325_,2.52
_326_,2.52
_008_,2.5
_097_,2.5
_233_,2.5
_302_,2.5
_052_,2.43
_297_,2.41
_013_,2.38
_019_,2.38
_020_,2.38
_022_,2.38
_025_,2.38
_032_,2.38
_034_,2.38
_037_,2.38
_049_,2.38
_003_,2.28
_309_,2.28
net50,2.28
_012_,2.23
_017_,2.23
_023_,2.23
_026_,2.23
_021_,2.21
_099_,2.18
net46,2.18
net52,2.18
_081_,2.16
_036_,2.04
_090_,2.04
net61,1.94
_138_,1.84
_011_,1.82
_035_,1.82
_059_,1.82
_083_,1.82
_323_,1.72
_024_,1.7
_136_,1.7
_331_,1.6
_066_,1.545
_014_,1.36
_040_,1.36
_043_,1.36
_048_,1.36
_050_,1.36
_149_,1.36
_293_,1.15
_255_,1.14
_272_,1.14
_301_,1.14
_304_,1.14
_308_,1.14
_332_,1.14
_151_,0.46
_223_,0.46
